{
    "selected_category": "\u56fe\u50cf\u5904\u7406",
    "selected_subcategory": "\u906e\u6321\u7269\u4fee\u590d",
    "dataset_path": "E:\\Github_Project\\troch_GUI\\data\\ref",
    "data_split_option": "\u5426\uff0c\u9700\u8981\u5206\u5272",
    "train_percent": 70,
    "val_percent": 20,
    "test_percent": 10,
    "shuffle_data": true,
    "selected_augmentations": {
        "\u7f29\u653e": {
            "value": [
                0.8,
                1.2
            ]
        },
        "\u88c1\u526a": {
            "value": [
                0.8,
                0.8
            ]
        }
    },
    "optimizer_class": "AdagradOptimizer",
    "loss_class": "L1Loss",
    "metric_classes": null,
    "learning_rate": 0.001,
    "batch_size": 32,
    "total_params": 29296411,
    "trainable_params": 29296411,
    "cpu_usage": 10.2,
    "memory_usage": 77.3,
    "gpu_info": [
        {
            "id": 0,
            "name": "NVIDIA GeForce RTX 3050 Laptop GPU",
            "load": 24.0,
            "memory_used": 2127.0,
            "memory_total": 4096.0
        }
    ],
    "batch_sizes": [
        1,
        2,
        4,
        8,
        16,
        32,
        64,
        128,
        256
    ],
    "memory_usages": [
        111.75693893432617,
        223.51387786865234,
        447.0277557373047,
        894.0555114746094,
        1788.1110229492188,
        3576.2220458984375,
        7152.444091796875,
        14304.88818359375,
        28609.7763671875
    ],
    "training_times": [
        0.001,
        0.002,
        0.004,
        0.008,
        0.016,
        0.032,
        0.064,
        0.128,
        0.256
    ]
}